{
  "lang":"es",
  "name":"pipeline",
  "version":"0.0.0",
  "spacy_version":">=3.7.5,<3.8.0",
  "description":"",
  "author":"",
  "email":"",
  "url":"",
  "license":"",
  "spacy_git_version":"a6d0fc360",
  "vectors":{
    "width":300,
    "vectors":20000,
    "keys":500000,
    "name":"es_vectors",
    "mode":"default"
  },
  "labels":{
    "tok2vec":[

    ],
    "ner":[
      "ART",
      "BOE",
      "DISP",
      "FECHA",
      "LEY",
      "REALDE"
    ]
  },
  "pipeline":[
    "tok2vec",
    "ner"
  ],
  "components":[
    "tok2vec",
    "ner"
  ],
  "disabled":[

  ],
  "performance":{
    "ents_f":0.9685230024,
    "ents_p":0.9708737864,
    "ents_r":0.9661835749,
    "ents_per_type":{
      "BOE":{
        "p":0.9821428571,
        "r":1.0,
        "f":0.990990991
      },
      "FECHA":{
        "p":0.9833333333,
        "r":0.9516129032,
        "f":0.9672131148
      },
      "REALDE":{
        "p":0.9310344828,
        "r":1.0,
        "f":0.9642857143
      },
      "LEY":{
        "p":1.0,
        "r":0.9333333333,
        "f":0.9655172414
      },
      "ART":{
        "p":0.9696969697,
        "r":0.9696969697,
        "f":0.9696969697
      },
      "DISP":{
        "p":0.9285714286,
        "r":0.8666666667,
        "f":0.8965517241
      }
    },
    "tok2vec_loss":0.0000011151,
    "ner_loss":0.0000157031
  }
}